,lat,lon,time,nuclide,_dl,_unit,value,_unc,species,body_part,bio_group,sample_id,contracting_party,id,is_replicate,replicated_group
0,43.63444444444444,-3.5780555555555553,1576108800,ra226,1,5,0.3796,0.014835,442,52,4,,Spain,91663,True,0
1,43.63444444444444,-3.5780555555555553,1576108800,ra226,1,5,0.1541,0.0152775,442,52,4,,Spain,91662,True,0
2,43.63444444444444,-3.5780555555555553,1576108800,ra226,1,5,0.5453,0.02488,1059,40,11,,Spain,91660,True,1
3,43.63444444444444,-3.5780555555555553,1576108800,ra226,1,5,11.56,0.38,1059,40,11,,Spain,91661,True,1
4,48.83277777777778,-1.591388888888889,847756800,pu239_240_tot,1,5,0.015,0.0010875,1221,19,13,,France,48010,True,2
5,48.83277777777778,-1.591388888888889,847756800,pu239_240_tot,1,5,0.0075,0.00028125,1221,19,13,,France,47847,True,2
6,49.318333333333335,-0.3466666666666666,1110758400,cs137,1,5,0.08,0.005,392,40,11,,France,64877,True,3
7,49.318333333333335,-0.3466666666666666,1110758400,cs137,1,5,0.06,0.005,392,40,11,,France,64881,True,3
8,49.318333333333335,-0.3466666666666666,1142208000,cs137,1,5,0.052372314,0.0050682885,392,40,11,,France,65319,True,4
9,49.318333333333335,-0.3466666666666666,1142208000,cs137,1,5,0.043388109,0.0048624605,392,40,11,,France,65315,True,4
10,49.36555555555556,-1.7716666666666665,852854400,cs137,2,5,0.0375,,392,40,11,,France,47944,True,5
11,49.36555555555556,-1.7716666666666665,852854400,cs137,2,5,0.06,,392,40,11,,France,47977,True,5
12,49.36555555555556,-1.7716666666666665,1000684800,cs137,1,5,0.08,0.005,392,40,11,,France,48493,True,6
13,49.36555555555556,-1.7716666666666665,1000684800,cs137,1,5,0.13,0.0075,392,40,11,,France,48481,True,6
14,49.50861111111111,-1.8516666666666668,874540800,cs137,1,5,0.19,0.023275,392,40,11,,France,47935,True,7
15,49.50861111111111,-1.8516666666666668,874540800,cs137,2,5,0.45,,392,40,11,,France,47934,True,7
16,49.50861111111111,-1.8516666666666668,934416000,cs137,2,5,0.215,,392,40,11,,France,48254,True,8
17,49.50861111111111,-1.8516666666666668,934416000,cs137,2,5,0.09,,392,40,11,,France,48250,True,8
18,49.50861111111111,-1.8516666666666668,1003363200,cs137,2,5,0.095,,392,40,11,,France,48473,True,9
19,49.50861111111111,-1.8516666666666668,1003363200,cs137,2,5,0.13,,392,40,11,,France,48474,True,9
20,49.714444444444446,-1.9461111111111111,1465257600,pu239_240_tot,1,5,0.004678176,8.0237e-05,413,19,13,201625023,France,83342,True,10
21,49.714444444444446,-1.9461111111111111,1465257600,pu239_240_tot,1,5,0.004678176,8.0237e-05,413,19,13,201625023,France,83344,True,10
22,50.77638888888889,-0.6922222222222222,1015977600,tc99,1,5,0.805,0.026325,392,56,11,2002001633,United Kingdom,58243,True,11
23,50.77638888888889,-0.6922222222222222,1015977600,tc99,1,5,1.52,0.04089,392,56,11,2002001635,United Kingdom,58244,True,11
24,51.30833333333333,2.85,1096502400,cs137,1,5,0.13,0.03575,712,1,4,1694,Belgium,22292,True,12
25,51.30833333333333,2.85,1096502400,cs137,1,5,0.112,0.0485,712,1,4,1689,Belgium,22287,True,12
26,51.30833333333333,2.85,1096502400,pu239_240_tot,2,5,0.033,,712,1,4,1694,Belgium,22267,True,13
27,51.30833333333333,2.85,1096502400,pu239_240_tot,2,5,0.038,,712,1,4,1689,Belgium,22262,True,13
28,51.30833333333333,2.85,1096502400,ra226,2,5,1.9,,712,1,4,1694,Belgium,22317,True,14
29,51.30833333333333,2.85,1096502400,ra226,2,5,2.8,,712,1,4,1689,Belgium,22312,True,14
30,51.30833333333333,2.85,1096502400,ra228,2,5,0.692,,712,1,4,1689,Belgium,22337,True,15
31,51.30833333333333,2.85,1096502400,ra228,2,5,0.419,,712,1,4,1694,Belgium,22342,True,15
32,51.4,3.9622222222222225,1383696000,cs137,2,5,0.2,,129,19,14,2013012058,Netherlands,76662,True,16
33,51.4,3.9622222222222225,1383696000,cs137,2,5,0.2,,129,19,14,2013012057,Netherlands,76659,True,16
34,51.4,3.9622222222222225,1383696000,cs137,2,5,0.2,,129,19,14,2013012059,Netherlands,76665,True,16
35,51.4,3.9622222222222225,1383696000,cs137,2,5,0.2,,129,19,14,2013012056,Netherlands,76656,True,16
36,51.4,3.9622222222222225,1383696000,pb210,2,5,1.0,,129,19,14,2013012058,Netherlands,76664,True,17
37,51.4,3.9622222222222225,1383696000,pb210,2,5,1.0,,129,19,14,2013012057,Netherlands,76661,True,17
38,51.4,3.9622222222222225,1383696000,pb210,2,5,1.0,,129,19,14,2013012056,Netherlands,76658,True,17
39,51.4,3.9622222222222225,1383696000,pb210,2,5,1.0,,129,19,14,2013012059,Netherlands,76667,True,17
40,51.4,3.9622222222222225,1383696000,ra226,2,5,1.8,,129,19,14,2013012057,Netherlands,76660,True,18
41,51.4,3.9622222222222225,1383696000,ra226,2,5,1.8,,129,19,14,2013012059,Netherlands,76666,True,18
42,51.4,3.9622222222222225,1383696000,ra226,2,5,1.8,,129,19,14,2013012058,Netherlands,76663,True,18
43,51.4,3.9622222222222225,1383696000,ra226,2,5,1.8,,129,19,14,2013012056,Netherlands,76657,True,18
44,51.4,3.9622222222222225,1412812800,cs137,2,5,0.2,,129,19,14,2014012230,Netherlands,79843,True,19
45,51.4,3.9622222222222225,1412812800,cs137,2,5,0.2,,129,19,14,2014012228,Netherlands,79837,True,19
46,51.4,3.9622222222222225,1412812800,cs137,2,5,0.2,,129,19,14,2014012231,Netherlands,79846,True,19
47,51.4,3.9622222222222225,1412812800,cs137,2,5,0.2,,129,19,14,2014012229,Netherlands,79840,True,19
48,51.4,3.9622222222222225,1412812800,pb210,2,5,1.0,,129,19,14,2014012230,Netherlands,79845,True,20
49,51.4,3.9622222222222225,1412812800,pb210,2,5,1.0,,129,19,14,2014012231,Netherlands,79848,True,20
50,51.4,3.9622222222222225,1412812800,pb210,2,5,1.0,,129,19,14,2014012229,Netherlands,79842,True,20
51,51.4,3.9622222222222225,1412812800,pb210,2,5,1.0,,129,19,14,2014012228,Netherlands,79839,True,20
52,51.4,3.9622222222222225,1412812800,ra226,2,5,1.8,,129,19,14,2014012230,Netherlands,79844,True,21
53,51.4,3.9622222222222225,1412812800,ra226,2,5,1.8,,129,19,14,2014012229,Netherlands,79841,True,21
54,51.4,3.9622222222222225,1412812800,ra226,2,5,1.8,,129,19,14,2014012228,Netherlands,79838,True,21
55,51.4,3.9622222222222225,1412812800,ra226,2,5,1.8,,129,19,14,2014012231,Netherlands,79847,True,21
56,51.4,3.9622222222222225,1443657600,cs137,2,5,0.2,,129,19,14,2016002706,Netherlands,82445,True,22
57,51.4,3.9622222222222225,1443657600,cs137,2,5,0.2,,129,19,14,2016002707,Netherlands,82448,True,22
58,51.4,3.9622222222222225,1443657600,cs137,2,5,0.2,,129,19,14,2016002705,Netherlands,82442,True,22
59,51.4,3.9622222222222225,1443657600,cs137,2,5,0.2,,129,19,14,2016002708,Netherlands,82451,True,22
60,51.4,3.9622222222222225,1443657600,pb210,2,5,1.0,,129,19,14,2016002706,Netherlands,82447,True,23
61,51.4,3.9622222222222225,1443657600,pb210,2,5,1.0,,129,19,14,2016002707,Netherlands,82450,True,23
62,51.4,3.9622222222222225,1443657600,pb210,2,5,1.0,,129,19,14,2016002708,Netherlands,82453,True,23
63,51.4,3.9622222222222225,1443657600,pb210,2,5,1.0,,129,19,14,2016002705,Netherlands,82444,True,23
64,51.4,3.9622222222222225,1443657600,ra226,2,5,1.8,,129,19,14,2016002705,Netherlands,82443,True,24
65,51.4,3.9622222222222225,1443657600,ra226,2,5,1.8,,129,19,14,2016002708,Netherlands,82452,True,24
66,51.4,3.9622222222222225,1443657600,ra226,2,5,1.8,,129,19,14,2016002706,Netherlands,82446,True,24
67,51.4,3.9622222222222225,1443657600,ra226,2,5,1.8,,129,19,14,2016002707,Netherlands,82449,True,24
68,51.4,3.9622222222222225,1476662400,cs137,2,5,0.2,,129,19,14,2016009293,Netherlands,83441,True,25
69,51.4,3.9622222222222225,1476662400,cs137,2,5,0.2,,129,19,14,2016009294,Netherlands,83444,True,25
70,51.4,3.9622222222222225,1476662400,cs137,2,5,0.2,,129,19,14,2016009292,Netherlands,83438,True,25
71,51.4,3.9622222222222225,1476662400,cs137,2,5,0.2,,129,19,14,2016009291,Netherlands,83435,True,25
72,51.4,3.9622222222222225,1476662400,pb210,2,5,1.0,,129,19,14,2016009292,Netherlands,83440,True,26
73,51.4,3.9622222222222225,1476662400,pb210,2,5,1.0,,129,19,14,2016009294,Netherlands,83446,True,26
74,51.4,3.9622222222222225,1476662400,pb210,2,5,1.0,,129,19,14,2016009291,Netherlands,83437,True,26
75,51.4,3.9622222222222225,1476662400,pb210,2,5,1.0,,129,19,14,2016009293,Netherlands,83443,True,26
76,51.4,3.9622222222222225,1476662400,ra226,2,5,1.8,,129,19,14,2016009293,Netherlands,83442,True,27
77,51.4,3.9622222222222225,1476662400,ra226,2,5,1.8,,129,19,14,2016009291,Netherlands,83436,True,27
78,51.4,3.9622222222222225,1476662400,ra226,2,5,1.8,,129,19,14,2016009292,Netherlands,83439,True,27
79,51.4,3.9622222222222225,1476662400,ra226,2,5,1.8,,129,19,14,2016009294,Netherlands,83445,True,27
80,51.4,3.9622222222222225,1507161600,cs137,2,5,0.2,,129,19,14,2018011473,Netherlands,86019,True,28
81,51.4,3.9622222222222225,1507161600,cs137,2,5,0.2,,129,19,14,2018011472,Netherlands,86016,True,28
82,51.4,3.9622222222222225,1507161600,cs137,2,5,0.2,,129,19,14,2018011471,Netherlands,86013,True,28
83,51.4,3.9622222222222225,1507161600,cs137,2,5,0.2,,129,19,14,2018011470,Netherlands,86010,True,28
84,51.4,3.9622222222222225,1507161600,pb210,2,5,1.0,,129,19,14,2018011472,Netherlands,86018,True,29
85,51.4,3.9622222222222225,1507161600,pb210,2,5,1.0,,129,19,14,2018011471,Netherlands,86015,True,29
86,51.4,3.9622222222222225,1507161600,pb210,2,5,1.0,,129,19,14,2018011470,Netherlands,86012,True,29
87,51.4,3.9622222222222225,1507161600,pb210,2,5,1.0,,129,19,14,2018011473,Netherlands,86021,True,29
88,51.4,3.9622222222222225,1507161600,ra226,2,5,1.8,,129,19,14,2018011473,Netherlands,86020,True,30
89,51.4,3.9622222222222225,1507161600,ra226,2,5,1.8,,129,19,14,2018011472,Netherlands,86017,True,30
90,51.4,3.9622222222222225,1507161600,ra226,2,5,1.8,,129,19,14,2018011470,Netherlands,86011,True,30
91,51.4,3.9622222222222225,1507161600,ra226,2,5,1.8,,129,19,14,2018011471,Netherlands,86014,True,30
92,51.4,3.9622222222222225,1539648000,cs137,2,5,0.2,,129,19,14,2019007186,Netherlands,87188,True,31
93,51.4,3.9622222222222225,1539648000,cs137,2,5,0.2,,129,19,14,2019007185,Netherlands,87185,True,31
94,51.4,3.9622222222222225,1539648000,cs137,2,5,0.2,,129,19,14,2019007187,Netherlands,87191,True,31
95,51.4,3.9622222222222225,1539648000,pb210,2,5,1.0,,129,19,14,2019007186,Netherlands,87190,True,32
96,51.4,3.9622222222222225,1539648000,pb210,2,5,1.0,,129,19,14,2019007185,Netherlands,87187,True,32
97,51.4,3.9622222222222225,1539648000,pb210,2,5,1.0,,129,19,14,2019007187,Netherlands,87193,True,32
98,51.4,3.9622222222222225,1539648000,ra226,2,5,1.8,,129,19,14,2019007186,Netherlands,87189,True,33
99,51.4,3.9622222222222225,1539648000,ra226,2,5,1.8,,129,19,14,2019007185,Netherlands,87186,True,33
100,51.4,3.9622222222222225,1539648000,ra226,2,5,1.8,,129,19,14,2019007187,Netherlands,87192,True,33
101,51.4,3.9622222222222225,1573689600,cs137,2,5,0.2,,129,19,14,,Netherlands,89352,True,34
102,51.4,3.9622222222222225,1573689600,cs137,2,5,0.2,,129,19,14,,Netherlands,89355,True,34
103,51.4,3.9622222222222225,1573689600,cs137,2,5,0.2,,129,19,14,,Netherlands,89358,True,34
104,51.4,3.9622222222222225,1573689600,pb210,2,5,1.0,,129,19,14,,Netherlands,89354,True,35
105,51.4,3.9622222222222225,1573689600,pb210,2,5,1.0,,129,19,14,,Netherlands,89357,True,35
106,51.4,3.9622222222222225,1573689600,pb210,2,5,1.0,,129,19,14,,Netherlands,89360,True,35
107,51.4,3.9622222222222225,1573689600,ra226,2,5,1.8,,129,19,14,,Netherlands,89356,True,36
108,51.4,3.9622222222222225,1573689600,ra226,2,5,1.8,,129,19,14,,Netherlands,89359,True,36
109,51.4,3.9622222222222225,1573689600,ra226,2,5,1.8,,129,19,14,,Netherlands,89353,True,36
110,51.4,3.9622222222222225,1599436800,cs137,2,5,0.2,,129,19,14,,Netherlands,93855,True,37
111,51.4,3.9622222222222225,1599436800,cs137,2,5,0.2,,129,19,14,,Netherlands,93861,True,37
112,51.4,3.9622222222222225,1599436800,cs137,2,5,0.2,,129,19,14,,Netherlands,93858,True,37
113,51.4,3.9622222222222225,1599436800,pb210,2,5,1.0,,129,19,14,,Netherlands,93863,True,38
114,51.4,3.9622222222222225,1599436800,pb210,2,5,1.0,,129,19,14,,Netherlands,93860,True,38
115,51.4,3.9622222222222225,1599436800,pb210,2,5,1.0,,129,19,14,,Netherlands,93857,True,38
116,51.4,3.9622222222222225,1599436800,ra226,2,5,1.8,,129,19,14,,Netherlands,93856,True,39
117,51.4,3.9622222222222225,1599436800,ra226,2,5,1.8,,129,19,14,,Netherlands,93859,True,39
118,51.4,3.9622222222222225,1599436800,ra226,2,5,1.8,,129,19,14,,Netherlands,93862,True,39
119,51.4,3.9622222222222225,1632873600,cs137,2,5,0.2,,129,19,14,,Netherlands,96136,True,40
120,51.4,3.9622222222222225,1632873600,cs137,2,5,0.2,,129,19,14,,Netherlands,96130,True,40
121,51.4,3.9622222222222225,1632873600,cs137,2,5,0.2,,129,19,14,,Netherlands,96133,True,40
122,51.4,3.9622222222222225,1632873600,cs137,2,5,0.2,,129,19,14,,Netherlands,96127,True,40
123,51.4,3.9622222222222225,1632873600,pb210,2,5,1.0,,129,19,14,,Netherlands,96135,True,41
124,51.4,3.9622222222222225,1632873600,pb210,2,5,1.0,,129,19,14,,Netherlands,96129,True,41
125,51.4,3.9622222222222225,1632873600,pb210,2,5,1.0,,129,19,14,,Netherlands,96138,True,41
126,51.4,3.9622222222222225,1632873600,pb210,1,5,2.4,0.12,129,19,14,,Netherlands,96132,True,41
127,51.4,3.9622222222222225,1632873600,ra226,2,5,1.8,,129,19,14,,Netherlands,96137,True,42
128,51.4,3.9622222222222225,1632873600,ra226,2,5,1.8,,129,19,14,,Netherlands,96128,True,42
129,51.4,3.9622222222222225,1632873600,ra226,2,5,1.8,,129,19,14,,Netherlands,96131,True,42
130,51.4,3.9622222222222225,1632873600,ra226,2,5,1.8,,129,19,14,,Netherlands,96134,True,42
131,51.4,3.9622222222222225,1476662400,cs137,2,5,0.2,,414,19,14,2016009297,Netherlands,83453,True,43
132,51.4,3.9622222222222225,1476662400,cs137,2,5,0.2,,414,19,14,2016009296,Netherlands,83450,True,43
133,51.4,3.9622222222222225,1476662400,cs137,2,5,0.2,,414,19,14,2016009295,Netherlands,83447,True,43
134,51.4,3.9622222222222225,1476662400,pb210,2,5,1.0,,414,19,14,2016009296,Netherlands,83452,True,44
135,51.4,3.9622222222222225,1476662400,pb210,2,5,1.0,,414,19,14,2016009295,Netherlands,83449,True,44
136,51.4,3.9622222222222225,1476662400,pb210,2,5,1.0,,414,19,14,2016009297,Netherlands,83455,True,44
137,51.4,3.9622222222222225,1476662400,ra226,2,5,1.8,,414,19,14,2016009296,Netherlands,83451,True,45
138,51.4,3.9622222222222225,1476662400,ra226,2,5,1.8,,414,19,14,2016009297,Netherlands,83454,True,45
139,51.4,3.9622222222222225,1476662400,ra226,2,5,1.8,,414,19,14,2016009295,Netherlands,83448,True,45
140,51.4,3.9622222222222225,1507161600,cs137,2,5,0.2,,414,19,14,2018011476,Netherlands,86028,True,46
141,51.4,3.9622222222222225,1507161600,cs137,2,5,0.2,,414,19,14,2018011475,Netherlands,86025,True,46
142,51.4,3.9622222222222225,1507161600,cs137,2,5,0.2,,414,19,14,2018011474,Netherlands,86022,True,46
143,51.4,3.9622222222222225,1507161600,pb210,2,5,1.0,,414,19,14,2018011475,Netherlands,86027,True,47
144,51.4,3.9622222222222225,1507161600,pb210,2,5,1.0,,414,19,14,2018011474,Netherlands,86024,True,47
145,51.4,3.9622222222222225,1507161600,pb210,2,5,1.0,,414,19,14,2018011476,Netherlands,86030,True,47
146,51.4,3.9622222222222225,1507161600,ra226,2,5,1.8,,414,19,14,2018011475,Netherlands,86026,True,48
147,51.4,3.9622222222222225,1507161600,ra226,2,5,1.8,,414,19,14,2018011474,Netherlands,86023,True,48
148,51.4,3.9622222222222225,1507161600,ra226,2,5,1.8,,414,19,14,2018011476,Netherlands,86029,True,48
149,51.4,3.9622222222222225,1539648000,cs137,2,5,0.2,,414,19,14,2019007182,Netherlands,87176,True,49
150,51.4,3.9622222222222225,1539648000,cs137,2,5,0.2,,414,19,14,2019007183,Netherlands,87179,True,49
151,51.4,3.9622222222222225,1539648000,cs137,2,5,0.2,,414,19,14,2019007184,Netherlands,87182,True,49
152,51.4,3.9622222222222225,1539648000,pb210,2,5,1.0,,414,19,14,2019007183,Netherlands,87181,True,50
153,51.4,3.9622222222222225,1539648000,pb210,2,5,1.0,,414,19,14,2019007184,Netherlands,87184,True,50
154,51.4,3.9622222222222225,1539648000,pb210,2,5,1.0,,414,19,14,2019007182,Netherlands,87178,True,50
155,51.4,3.9622222222222225,1539648000,ra226,2,5,1.8,,414,19,14,2019007183,Netherlands,87180,True,51
156,51.4,3.9622222222222225,1539648000,ra226,2,5,1.8,,414,19,14,2019007184,Netherlands,87183,True,51
157,51.4,3.9622222222222225,1539648000,ra226,2,5,1.8,,414,19,14,2019007182,Netherlands,87177,True,51
158,51.4,3.9622222222222225,1573689600,cs137,2,5,0.2,,414,19,14,,Netherlands,89349,True,52
159,51.4,3.9622222222222225,1573689600,cs137,2,5,0.2,,414,19,14,,Netherlands,89346,True,52
160,51.4,3.9622222222222225,1573689600,cs137,2,5,0.2,,414,19,14,,Netherlands,89343,True,52
161,51.4,3.9622222222222225,1573689600,pb210,2,5,1.0,,414,19,14,,Netherlands,89351,True,53
162,51.4,3.9622222222222225,1573689600,pb210,2,5,1.0,,414,19,14,,Netherlands,89348,True,53
163,51.4,3.9622222222222225,1573689600,pb210,2,5,1.0,,414,19,14,,Netherlands,89345,True,53
164,51.4,3.9622222222222225,1573689600,ra226,2,5,1.8,,414,19,14,,Netherlands,89347,True,54
165,51.4,3.9622222222222225,1573689600,ra226,2,5,1.8,,414,19,14,,Netherlands,89344,True,54
166,51.4,3.9622222222222225,1573689600,ra226,2,5,1.8,,414,19,14,,Netherlands,89350,True,54
167,51.4,3.9622222222222225,1599436800,cs137,2,5,0.2,,414,19,14,,Netherlands,93852,True,55
168,51.4,3.9622222222222225,1599436800,cs137,2,5,0.2,,414,19,14,,Netherlands,93849,True,55
169,51.4,3.9622222222222225,1599436800,cs137,2,5,0.2,,414,19,14,,Netherlands,93846,True,55
170,51.4,3.9622222222222225,1599436800,pb210,2,5,1.0,,414,19,14,,Netherlands,93851,True,56
171,51.4,3.9622222222222225,1599436800,pb210,2,5,1.0,,414,19,14,,Netherlands,93854,True,56
172,51.4,3.9622222222222225,1599436800,pb210,2,5,1.0,,414,19,14,,Netherlands,93848,True,56
173,51.4,3.9622222222222225,1599436800,ra226,2,5,1.8,,414,19,14,,Netherlands,93853,True,57
174,51.4,3.9622222222222225,1599436800,ra226,2,5,1.8,,414,19,14,,Netherlands,93847,True,57
175,51.4,3.9622222222222225,1599436800,ra226,2,5,1.8,,414,19,14,,Netherlands,93850,True,57
176,51.4,3.9622222222222225,1632873600,cs137,2,5,0.2,,414,19,14,,Netherlands,96124,True,58
177,51.4,3.9622222222222225,1632873600,cs137,2,5,0.2,,414,19,14,,Netherlands,96121,True,58
178,51.4,3.9622222222222225,1632873600,cs137,2,5,0.2,,414,19,14,,Netherlands,96118,True,58
179,51.4,3.9622222222222225,1632873600,pb210,2,5,1.0,,414,19,14,,Netherlands,96123,True,59
180,51.4,3.9622222222222225,1632873600,pb210,2,5,1.0,,414,19,14,,Netherlands,96126,True,59
181,51.4,3.9622222222222225,1632873600,pb210,2,5,1.0,,414,19,14,,Netherlands,96120,True,59
182,51.4,3.9622222222222225,1632873600,ra226,2,5,1.8,,414,19,14,,Netherlands,96119,True,60
183,51.4,3.9622222222222225,1632873600,ra226,2,5,1.8,,414,19,14,,Netherlands,96122,True,60
184,51.4,3.9622222222222225,1632873600,ra226,2,5,1.8,,414,19,14,,Netherlands,96125,True,60
185,51.43333333333333,3.3,952992000,cs137,2,5,0.299,,712,1,4,260,Belgium,29993,True,61
186,51.43333333333333,3.3,952992000,cs137,2,5,0.215,,712,1,4,1068,Belgium,29999,True,61
187,51.43333333333333,3.3,952992000,pu239_240_tot,2,5,0.021,,712,1,4,260,Belgium,29965,True,62
188,51.43333333333333,3.3,952992000,pu239_240_tot,2,5,0.0072,,712,1,4,1068,Belgium,29971,True,62
189,51.84722222222222,2.8666666666666667,1096502400,cs137,1,5,0.125,0.0575,712,1,4,1696,Belgium,22294,True,63
190,51.84722222222222,2.8666666666666667,1096502400,cs137,2,5,0.217,,712,1,4,1691,Belgium,22289,True,63
191,51.84722222222222,2.8666666666666667,1096502400,pu239_240_tot,2,5,0.032,,712,1,4,1696,Belgium,22269,True,64
192,51.84722222222222,2.8666666666666667,1096502400,pu239_240_tot,2,5,0.029,,712,1,4,1691,Belgium,22264,True,64
193,51.84722222222222,2.8666666666666667,1096502400,ra226,2,5,3.6,,712,1,4,1696,Belgium,22319,True,65
194,51.84722222222222,2.8666666666666667,1096502400,ra226,2,5,3.3,,712,1,4,1691,Belgium,22314,True,65
195,51.84722222222222,2.8666666666666667,1096502400,ra228,2,5,0.948,,712,1,4,1696,Belgium,22344,True,66
196,51.84722222222222,2.8666666666666667,1096502400,ra228,2,5,0.901,,712,1,4,1691,Belgium,22339,True,66
197,52.165277777777774,-6.593333333333333,1307491200,cs137,1,5,0.204127422,0.004975484,99,52,4,ES1100561,Ireland,87909,True,67
198,52.165277777777774,-6.593333333333333,1307491200,cs137,1,5,0.2041274,0.004975484,99,52,4,ES1100561,Ireland,52624,True,67
199,52.165277777777774,-6.593333333333333,1307491200,cs137,1,5,0.093506567,0.0019869085,192,52,4,ES1100563,Ireland,87912,True,68
200,52.165277777777774,-6.593333333333333,1307491200,cs137,1,5,0.09350657,0.0019869085,192,52,4,ES1100563,Ireland,52627,True,68
201,52.165277777777774,-6.593333333333333,1307491200,cs137,1,5,0.07917228,0.0021158945,378,52,4,ES1100564,Ireland,52626,True,69
202,52.165277777777774,-6.593333333333333,1307491200,cs137,1,5,0.079172281,0.0021158945,378,52,4,ES1100564,Ireland,87911,True,69
203,53.26111111111111,-9.070833333333333,846806400,cs137,1,5,0.12,0.0075,96,40,11,,Ireland,50623,True,70
204,53.26111111111111,-9.070833333333333,846806400,cs137,1,5,0.06,0.00375,96,40,11,,Ireland,50622,True,70
205,53.35194444444445,-6.16388888888889,1070236800,cs137,1,5,0.32,0.02,401,40,11,,Ireland,50179,True,71
206,53.35194444444445,-6.16388888888889,1070236800,cs137,1,5,0.5,0.03125,401,40,11,,Ireland,50180,True,71
207,53.38,-6.1,804556800,po210,1,5,41.8,2.09,129,19,14,,Ireland,49425,True,72
208,53.38,-6.1,804556800,po210,1,5,42.4,2.12,129,19,14,,Ireland,49424,True,72
209,53.414722222222224,-4.451388888888889,1183248000,pu239_240_tot,1,5,0.137,0.00229,394,19,13,,United Kingdom,18380,True,73
210,53.414722222222224,-4.451388888888889,1183248000,pu239_240_tot,1,5,0.15,0.0024,394,19,13,,United Kingdom,14045,True,73
211,53.41722222222222,6.876111111111111,1633564800,cs137,2,5,0.2,,129,19,14,,Netherlands,96139,True,74
212,53.41722222222222,6.876111111111111,1633564800,cs137,2,5,0.2,,129,19,14,,Netherlands,96142,True,74
213,53.41722222222222,6.876111111111111,1633564800,pb210,2,5,1.0,,129,19,14,,Netherlands,96144,True,75
214,53.41722222222222,6.876111111111111,1633564800,pb210,2,5,1.0,,129,19,14,,Netherlands,96141,True,75
215,53.41722222222222,6.876111111111111,1633564800,ra226,2,5,1.8,,129,19,14,,Netherlands,96143,True,76
216,53.41722222222222,6.876111111111111,1633564800,ra226,2,5,1.8,,129,19,14,,Netherlands,96140,True,76
217,53.41722222222222,6.876111111111111,1383782400,cs137,2,5,0.2,,414,19,14,2013012052,Netherlands,76647,True,77
218,53.41722222222222,6.876111111111111,1383782400,cs137,2,5,0.2,,414,19,14,2013012054,Netherlands,76653,True,77
219,53.41722222222222,6.876111111111111,1383782400,cs137,2,5,0.2,,414,19,14,2013012053,Netherlands,76650,True,77
220,53.41722222222222,6.876111111111111,1383782400,pb210,2,5,1.0,,414,19,14,2013012054,Netherlands,76655,True,78
221,53.41722222222222,6.876111111111111,1383782400,pb210,2,5,1.0,,414,19,14,2013012053,Netherlands,76652,True,78
222,53.41722222222222,6.876111111111111,1383782400,pb210,2,5,1.0,,414,19,14,2013012052,Netherlands,76649,True,78
223,53.41722222222222,6.876111111111111,1383782400,ra226,2,5,1.8,,414,19,14,2013012053,Netherlands,76651,True,79
224,53.41722222222222,6.876111111111111,1383782400,ra226,2,5,1.8,,414,19,14,2013012052,Netherlands,76648,True,79
225,53.41722222222222,6.876111111111111,1383782400,ra226,2,5,1.8,,414,19,14,2013012054,Netherlands,76654,True,79
226,53.41722222222222,6.876111111111111,1414627200,cs137,2,5,0.2,,414,19,14,2014012233,Netherlands,79828,True,80
227,53.41722222222222,6.876111111111111,1414627200,cs137,2,5,0.2,,414,19,14,2014012234,Netherlands,79831,True,80
228,53.41722222222222,6.876111111111111,1414627200,cs137,2,5,0.2,,414,19,14,2014012235,Netherlands,79834,True,80
229,53.41722222222222,6.876111111111111,1414627200,pb210,2,5,1.0,,414,19,14,2014012235,Netherlands,79836,True,81
230,53.41722222222222,6.876111111111111,1414627200,pb210,2,5,1.0,,414,19,14,2014012233,Netherlands,79830,True,81
231,53.41722222222222,6.876111111111111,1414627200,pb210,2,5,1.0,,414,19,14,2014012234,Netherlands,79833,True,81
232,53.41722222222222,6.876111111111111,1414627200,ra226,2,5,1.8,,414,19,14,2014012235,Netherlands,79835,True,82
233,53.41722222222222,6.876111111111111,1414627200,ra226,2,5,1.8,,414,19,14,2014012233,Netherlands,79829,True,82
234,53.41722222222222,6.876111111111111,1414627200,ra226,2,5,1.8,,414,19,14,2014012234,Netherlands,79832,True,82
235,53.41722222222222,6.876111111111111,1444348800,cs137,2,5,0.2,,414,19,14,2016002711,Netherlands,82439,True,83
236,53.41722222222222,6.876111111111111,1444348800,cs137,2,5,0.2,,414,19,14,2016002710,Netherlands,82436,True,83
237,53.41722222222222,6.876111111111111,1444348800,cs137,2,5,0.2,,414,19,14,2016002709,Netherlands,82433,True,83
238,53.41722222222222,6.876111111111111,1444348800,pb210,2,5,1.0,,414,19,14,2016002709,Netherlands,82435,True,84
239,53.41722222222222,6.876111111111111,1444348800,pb210,2,5,1.0,,414,19,14,2016002710,Netherlands,82438,True,84
240,53.41722222222222,6.876111111111111,1444348800,pb210,2,5,1.0,,414,19,14,2016002711,Netherlands,82441,True,84
241,53.41722222222222,6.876111111111111,1444348800,ra226,2,5,1.8,,414,19,14,2016002711,Netherlands,82440,True,85
242,53.41722222222222,6.876111111111111,1444348800,ra226,2,5,1.8,,414,19,14,2016002710,Netherlands,82437,True,85
243,53.41722222222222,6.876111111111111,1444348800,ra226,2,5,1.8,,414,19,14,2016002709,Netherlands,82434,True,85
244,53.41722222222222,6.876111111111111,1476230400,cs137,2,5,0.2,,414,19,14,2016009290,Netherlands,83432,True,86
245,53.41722222222222,6.876111111111111,1476230400,cs137,2,5,0.2,,414,19,14,2016009289,Netherlands,83429,True,86
246,53.41722222222222,6.876111111111111,1476230400,cs137,2,5,0.2,,414,19,14,2016009288,Netherlands,83426,True,86
247,53.41722222222222,6.876111111111111,1476230400,pb210,2,5,1.0,,414,19,14,2016009290,Netherlands,83434,True,87
248,53.41722222222222,6.876111111111111,1476230400,pb210,2,5,1.0,,414,19,14,2016009289,Netherlands,83431,True,87
249,53.41722222222222,6.876111111111111,1476230400,pb210,2,5,1.0,,414,19,14,2016009288,Netherlands,83428,True,87
250,53.41722222222222,6.876111111111111,1476230400,ra226,2,5,1.8,,414,19,14,2016009289,Netherlands,83430,True,88
251,53.41722222222222,6.876111111111111,1476230400,ra226,2,5,1.8,,414,19,14,2016009290,Netherlands,83433,True,88
252,53.41722222222222,6.876111111111111,1476230400,ra226,2,5,1.8,,414,19,14,2016009288,Netherlands,83427,True,88
253,53.41722222222222,6.876111111111111,1508803200,cs137,2,5,0.2,,414,19,14,2018011467,Netherlands,86001,True,89
254,53.41722222222222,6.876111111111111,1508803200,cs137,2,5,0.2,,414,19,14,2018011468,Netherlands,86004,True,89
255,53.41722222222222,6.876111111111111,1508803200,cs137,2,5,0.2,,414,19,14,2018011469,Netherlands,86007,True,89
256,53.41722222222222,6.876111111111111,1508803200,pb210,2,5,1.0,,414,19,14,2018011467,Netherlands,86003,True,90
257,53.41722222222222,6.876111111111111,1508803200,pb210,2,5,1.0,,414,19,14,2018011468,Netherlands,86006,True,90
258,53.41722222222222,6.876111111111111,1508803200,pb210,2,5,1.0,,414,19,14,2018011469,Netherlands,86009,True,90
259,53.41722222222222,6.876111111111111,1508803200,ra226,2,5,1.8,,414,19,14,2018011467,Netherlands,86002,True,91
260,53.41722222222222,6.876111111111111,1508803200,ra226,2,5,1.8,,414,19,14,2018011468,Netherlands,86005,True,91
261,53.41722222222222,6.876111111111111,1508803200,ra226,2,5,1.8,,414,19,14,2018011469,Netherlands,86008,True,91
262,53.41722222222222,6.876111111111111,1539043200,cs137,2,5,0.2,,414,19,14,2019007181,Netherlands,87173,True,92
263,53.41722222222222,6.876111111111111,1539043200,cs137,2,5,0.2,,414,19,14,2019007179,Netherlands,87167,True,92
264,53.41722222222222,6.876111111111111,1539043200,cs137,2,5,0.2,,414,19,14,2019007180,Netherlands,87170,True,92
265,53.41722222222222,6.876111111111111,1539043200,pb210,2,5,1.0,,414,19,14,2019007180,Netherlands,87172,True,93
266,53.41722222222222,6.876111111111111,1539043200,pb210,2,5,1.0,,414,19,14,2019007181,Netherlands,87175,True,93
267,53.41722222222222,6.876111111111111,1539043200,pb210,2,5,1.0,,414,19,14,2019007179,Netherlands,87169,True,93
268,53.41722222222222,6.876111111111111,1539043200,ra226,2,5,1.8,,414,19,14,2019007180,Netherlands,87171,True,94
269,53.41722222222222,6.876111111111111,1539043200,ra226,2,5,1.8,,414,19,14,2019007179,Netherlands,87168,True,94
270,53.41722222222222,6.876111111111111,1539043200,ra226,2,5,1.8,,414,19,14,2019007181,Netherlands,87174,True,94
271,53.41722222222222,6.876111111111111,1571788800,cs137,2,5,0.2,,414,19,14,,Netherlands,89337,True,95
272,53.41722222222222,6.876111111111111,1571788800,cs137,2,5,0.2,,414,19,14,,Netherlands,89340,True,95
273,53.41722222222222,6.876111111111111,1571788800,cs137,2,5,0.2,,414,19,14,,Netherlands,89334,True,95
274,53.41722222222222,6.876111111111111,1571788800,pb210,2,5,1.0,,414,19,14,,Netherlands,89342,True,96
275,53.41722222222222,6.876111111111111,1571788800,pb210,2,5,1.0,,414,19,14,,Netherlands,89339,True,96
276,53.41722222222222,6.876111111111111,1571788800,pb210,2,5,1.0,,414,19,14,,Netherlands,89336,True,96
277,53.41722222222222,6.876111111111111,1571788800,ra226,2,5,1.8,,414,19,14,,Netherlands,89335,True,97
278,53.41722222222222,6.876111111111111,1571788800,ra226,2,5,1.8,,414,19,14,,Netherlands,89338,True,97
279,53.41722222222222,6.876111111111111,1571788800,ra226,2,5,1.8,,414,19,14,,Netherlands,89341,True,97
280,53.41722222222222,6.876111111111111,1601856000,cs137,2,5,0.2,,414,19,14,,Netherlands,93837,True,98
281,53.41722222222222,6.876111111111111,1601856000,cs137,2,5,0.2,,414,19,14,,Netherlands,93843,True,98
282,53.41722222222222,6.876111111111111,1601856000,cs137,2,5,0.2,,414,19,14,,Netherlands,93840,True,98
283,53.41722222222222,6.876111111111111,1601856000,pb210,2,5,1.0,,414,19,14,,Netherlands,93845,True,99
284,53.41722222222222,6.876111111111111,1601856000,pb210,2,5,1.0,,414,19,14,,Netherlands,93842,True,99
285,53.41722222222222,6.876111111111111,1601856000,pb210,2,5,1.0,,414,19,14,,Netherlands,93839,True,99
286,53.41722222222222,6.876111111111111,1601856000,ra226,2,5,1.8,,414,19,14,,Netherlands,93844,True,100
287,53.41722222222222,6.876111111111111,1601856000,ra226,2,5,1.8,,414,19,14,,Netherlands,93841,True,100
288,53.41722222222222,6.876111111111111,1601856000,ra226,2,5,1.8,,414,19,14,,Netherlands,93838,True,100
289,53.41722222222222,6.876111111111111,1633564800,cs137,2,5,0.2,,414,19,14,,Netherlands,96109,True,101
290,53.41722222222222,6.876111111111111,1633564800,cs137,2,5,0.2,,414,19,14,,Netherlands,96115,True,101
291,53.41722222222222,6.876111111111111,1633564800,cs137,2,5,0.2,,414,19,14,,Netherlands,96112,True,101
292,53.41722222222222,6.876111111111111,1633564800,pb210,2,5,1.0,,414,19,14,,Netherlands,96117,True,102
293,53.41722222222222,6.876111111111111,1633564800,pb210,2,5,1.0,,414,19,14,,Netherlands,96111,True,102
294,53.41722222222222,6.876111111111111,1633564800,pb210,2,5,1.0,,414,19,14,,Netherlands,96114,True,102
295,53.41722222222222,6.876111111111111,1633564800,ra226,2,5,1.8,,414,19,14,,Netherlands,96110,True,103
296,53.41722222222222,6.876111111111111,1633564800,ra226,2,5,1.8,,414,19,14,,Netherlands,96113,True,103
297,53.41722222222222,6.876111111111111,1633564800,ra226,2,5,1.8,,414,19,14,,Netherlands,96116,True,103
298,53.8,-6.216666666666667,1046476800,cs137,1,5,0.1,0.00625,129,19,14,,Ireland,50463,True,104
299,53.8,-6.216666666666667,1046476800,cs137,1,5,0.3,0.01875,129,19,14,,Ireland,50464,True,104
300,53.8,-6.216666666666667,1051747200,cs137,1,5,0.4,0.025,129,19,14,,Ireland,50467,True,105
301,53.8,-6.216666666666667,1051747200,cs137,1,5,0.1,0.00625,129,19,14,,Ireland,50466,True,105
302,53.8,-6.216666666666667,1054425600,pu239_240_tot,1,5,0.098,0.006125,129,19,14,,Ireland,50504,True,106
303,53.8,-6.216666666666667,1054425600,pu239_240_tot,1,5,0.028,0.00175,129,19,14,,Ireland,50503,True,106
304,53.8,-6.216666666666667,1054425600,tc99,1,5,34.0,2.125,129,19,14,,Ireland,50506,True,107
305,53.8,-6.216666666666667,1054425600,tc99,1,5,29.0,1.8125,129,19,14,,Ireland,50507,True,107
306,53.8,-6.216666666666667,1062374400,cs137,1,5,0.3,0.01875,129,19,14,,Ireland,50470,True,108
307,53.8,-6.216666666666667,1062374400,cs137,1,5,0.1,0.00625,129,19,14,,Ireland,50469,True,108
308,53.8,-6.216666666666667,1070236800,cs137,1,5,0.4,0.025,129,19,14,,Ireland,50473,True,109
309,53.8,-6.216666666666667,1070236800,cs137,1,5,0.1,0.00625,129,19,14,,Ireland,50472,True,109
310,53.8,-6.216666666666667,1086048000,cs137,1,5,0.1,0.00625,129,19,14,,Ireland,50477,True,110
311,53.8,-6.216666666666667,1086048000,cs137,1,5,0.3,0.01875,129,19,14,,Ireland,50478,True,110
312,53.8,-6.216666666666667,1093996800,cs137,1,5,0.1,0.00625,129,19,14,,Ireland,50480,True,111
313,53.8,-6.216666666666667,1093996800,cs137,1,5,0.4,0.025,129,19,14,,Ireland,50481,True,111
314,53.8,-6.216666666666667,1099267200,cs137,1,5,0.4,0.025,129,19,14,,Ireland,50483,True,112
315,53.8,-6.216666666666667,1099267200,cs137,1,5,0.5,0.03125,129,19,14,,Ireland,50484,True,112
316,53.8,-6.216666666666667,1104537600,cs137,1,5,0.1,0.00625,129,19,14,,Ireland,50486,True,113
317,53.8,-6.216666666666667,1104537600,cs137,1,5,0.7,0.04375,129,19,14,,Ireland,50487,True,113
318,53.8,-6.216666666666667,1114905600,cs137,1,5,0.3,0.01875,129,19,14,,Ireland,50489,True,114
319,53.8,-6.216666666666667,1114905600,cs137,1,5,0.6,0.0375,129,19,14,,Ireland,50490,True,114
320,53.8,-6.216666666666667,1122854400,cs137,1,5,0.4,0.025,129,19,14,,Ireland,50493,True,115
321,53.8,-6.216666666666667,1122854400,cs137,1,5,0.2,0.0125,129,19,14,,Ireland,50492,True,115
322,53.8,-6.216666666666667,1128124800,cs137,1,5,0.3,0.01875,129,19,14,,Ireland,50496,True,116
323,53.8,-6.216666666666667,1128124800,cs137,1,5,0.1,0.00625,129,19,14,,Ireland,50495,True,116
324,54.02027777777778,-6.109999999999999,1445385600,cs137,1,5,0.263891048,0.00872962,96,40,11,ES1500570,Ireland,82711,True,117
325,54.02027777777778,-6.109999999999999,1445385600,cs137,1,5,0.250241354,0.00688635,96,40,11,ES1500674,Ireland,82710,True,117
326,54.02027777777778,-6.109999999999999,1489622400,cs137,1,5,0.225959048,0.006204102,96,40,11,ES1700099,Ireland,85978,True,118
327,54.02027777777778,-6.109999999999999,1489622400,cs137,1,5,0.140603331,0.0264274515,96,40,11,ES1700308,Ireland,85977,True,118
328,54.03861111111111,-6.158055555555556,833587200,pu239_240_tot,1,5,0.19,0.011875,129,19,14,,Ireland,50329,True,119
329,54.03861111111111,-6.158055555555556,833587200,pu239_240_tot,1,5,0.15,0.009375,129,19,14,,Ireland,50328,True,119
330,54.03861111111111,-6.158055555555556,833587200,tc99,1,5,18.0,1.125,129,19,14,,Ireland,50393,True,120
331,54.03861111111111,-6.158055555555556,833587200,tc99,1,5,15.0,0.9375,129,19,14,,Ireland,50392,True,120
332,54.03861111111111,-6.158055555555556,959817600,cs137,1,5,0.4,0.025,129,19,14,,Ireland,50295,True,121
333,54.03861111111111,-6.158055555555556,959817600,cs137,1,5,0.9,0.05625,129,19,14,,Ireland,50296,True,121
334,54.03861111111111,-6.158055555555556,959817600,pu239_240_tot,1,5,0.217,0.0135625,129,19,14,,Ireland,50357,True,122
335,54.03861111111111,-6.158055555555556,959817600,pu239_240_tot,1,5,0.095,0.0059375,129,19,14,,Ireland,50356,True,122
336,54.03861111111111,-6.158055555555556,959817600,tc99,1,5,35.0,2.1875,129,19,14,,Ireland,50419,True,123
337,54.03861111111111,-6.158055555555556,959817600,tc99,1,5,24.0,1.5,129,19,14,,Ireland,50418,True,123
338,54.03861111111111,-6.158055555555556,991353600,cs137,1,5,0.4,0.025,129,19,14,,Ireland,50305,True,124
339,54.03861111111111,-6.158055555555556,991353600,cs137,1,5,0.3,0.01875,129,19,14,,Ireland,50304,True,124
340,54.03861111111111,-6.158055555555556,991353600,pu239_240_tot,1,5,0.076,0.00475,129,19,14,,Ireland,50365,True,125
341,54.03861111111111,-6.158055555555556,991353600,pu239_240_tot,1,5,0.174,0.010875,129,19,14,,Ireland,50366,True,125
342,54.03861111111111,-6.158055555555556,991353600,tc99,1,5,51.0,3.1875,129,19,14,,Ireland,50428,True,126
343,54.03861111111111,-6.158055555555556,991353600,tc99,1,5,30.0,1.875,129,19,14,,Ireland,50427,True,126
344,54.03861111111111,-6.158055555555556,1012521600,cs137,1,5,0.1,0.00625,129,19,14,,Ireland,50311,True,127
345,54.03861111111111,-6.158055555555556,1012521600,cs137,1,5,0.6,0.0375,129,19,14,,Ireland,50312,True,127
346,54.03861111111111,-6.158055555555556,1022889600,cs137,1,5,0.24,0.015,129,19,14,,Ireland,50315,True,128
347,54.03861111111111,-6.158055555555556,1022889600,cs137,1,5,0.2,0.0125,129,19,14,,Ireland,50314,True,128
348,54.03861111111111,-6.158055555555556,1022889600,cs137,1,5,0.4,0.025,129,19,14,,Ireland,50316,True,128
349,54.03861111111111,-6.158055555555556,1022889600,pu239_240_tot,1,5,0.06,0.00375,129,19,14,,Ireland,50375,True,129
350,54.03861111111111,-6.158055555555556,1022889600,pu239_240_tot,1,5,0.037,0.0023125,129,19,14,,Ireland,50374,True,129
351,54.03861111111111,-6.158055555555556,1022889600,pu239_240_tot,1,5,0.093,0.0058125,129,19,14,,Ireland,50376,True,129
352,54.03861111111111,-6.158055555555556,1022889600,tc99,1,5,9.3,0.58125,129,19,14,,Ireland,50436,True,130
353,54.03861111111111,-6.158055555555556,1022889600,tc99,1,5,18.8,1.175,129,19,14,,Ireland,50437,True,130
354,54.03861111111111,-6.158055555555556,1030838400,cs137,1,5,0.2,0.0125,129,19,14,,Ireland,50318,True,131
355,54.03861111111111,-6.158055555555556,1030838400,cs137,1,5,0.3,0.01875,129,19,14,,Ireland,50319,True,131
356,54.03861111111111,-6.158055555555556,1030838400,pu239_240_tot,1,5,0.063,0.0039375,129,19,14,,Ireland,50378,True,132
357,54.03861111111111,-6.158055555555556,1030838400,pu239_240_tot,1,5,0.085,0.0053125,129,19,14,,Ireland,50379,True,132
358,54.03861111111111,-6.158055555555556,1036108800,cs137,1,5,0.3,0.01875,129,19,14,,Ireland,50322,True,133
359,54.03861111111111,-6.158055555555556,1036108800,cs137,1,5,0.2,0.0125,129,19,14,,Ireland,50321,True,133
360,54.03861111111111,-6.158055555555556,1036108800,pu239_240_tot,1,5,0.127,0.0079375,129,19,14,,Ireland,50382,True,134
361,54.03861111111111,-6.158055555555556,1036108800,pu239_240_tot,1,5,0.049,0.0030625,129,19,14,,Ireland,50381,True,134
362,54.03861111111111,-6.158055555555556,1086048000,pu239_240_tot,1,5,0.034,0.002125,129,19,14,,Ireland,50385,True,135
363,54.03861111111111,-6.158055555555556,1086048000,pu239_240_tot,1,5,0.084,0.00525,129,19,14,,Ireland,50386,True,135
364,54.03861111111111,-6.158055555555556,1086048000,pu239_240_tot,1,5,0.13,0.008125,129,19,14,,Ireland,50387,True,135
365,54.03861111111111,-6.158055555555556,1086048000,tc99,1,5,40.0,2.5,129,19,14,,Ireland,50442,True,136
366,54.03861111111111,-6.158055555555556,1086048000,tc99,1,5,13.0,0.8125,129,19,14,,Ireland,50440,True,136
367,54.03861111111111,-6.158055555555556,1086048000,tc99,1,5,26.5,1.65625,129,19,14,,Ireland,50441,True,136
368,54.03861111111111,-6.158055555555556,1117584000,pu239_240_tot,1,5,0.033,0.0020625,129,19,14,,Ireland,50389,True,137
369,54.03861111111111,-6.158055555555556,1117584000,pu239_240_tot,1,5,0.0332,0.002075,129,19,14,,Ireland,50390,True,137
370,54.03861111111111,-6.158055555555556,1117584000,tc99,1,5,36.0,2.25,129,19,14,,Ireland,50446,True,138
371,54.03861111111111,-6.158055555555556,1117584000,tc99,1,5,20.0,1.25,129,19,14,,Ireland,50445,True,138
372,54.03861111111111,-6.158055555555556,1117584000,tc99,1,5,4.0,0.25,129,19,14,,Ireland,50444,True,138
373,54.0775,-2.868888888888889,1183248000,pu239_240_tot,1,5,2.38,0.0255,129,19,14,,United Kingdom,18377,True,139
374,54.0775,-2.868888888888889,1183248000,pu239_240_tot,1,5,1.13,0.0165,129,19,14,,United Kingdom,14043,True,139
375,54.08583333333333,7.838333333333333,1567123200,cs137,1,5,0.0511,0.002995,139,1,4,18133,Germany,88578,True,140
376,54.08583333333333,7.838333333333333,1567123200,cs137,1,5,0.0544,0.00242,139,1,4,18134,Germany,88576,True,140
377,54.08583333333333,7.838333333333333,1567123200,pb210,2,5,0.309,,139,1,4,18133,Germany,88577,True,141
378,54.08583333333333,7.838333333333333,1567123200,pb210,2,5,0.271,,139,1,4,18134,Germany,88575,True,141
379,54.30305555555555,7.494722222222222,882662400,cs137,1,5,0.505,0.01818,99,52,4,15720,Germany,36614,True,142
380,54.30305555555555,7.494722222222222,882662400,cs137,1,5,1.219,0.042665,99,52,4,15719,Germany,36615,True,142
381,54.30333333333333,7.495,882662400,ra226,2,5,0.321,,99,4,4,15720,Germany,85454,True,143
382,54.30333333333333,7.495,882662400,ra226,2,5,0.161,,99,4,4,15719,Germany,85453,True,143
383,54.45944444444445,-5.5905555555555555,1005782400,cs137,1,5,0.571,0.023499999,396,56,11,2001010442,United Kingdom,87616,True,144
384,54.45944444444445,-5.5905555555555555,1005782400,cs137,1,5,0.474,0.023499999,396,56,11,2001010443,United Kingdom,87617,True,144
385,54.48888888888889,-3.6069444444444447,790473600,cs137,1,5,9.551,0.2194999905,96,56,11,1995001155,United Kingdom,91586,True,145
386,54.48888888888889,-3.6069444444444447,790473600,cs137,1,5,9.325,0.033,96,56,11,1995001155,United Kingdom,91585,True,145
387,54.632777777777775,-8.435,1308009600,cs137,1,5,0.08302596,0.0033896765,99,52,4,ES1100579,Ireland,52628,True,146
388,54.632777777777775,-8.435,1308009600,cs137,1,5,0.083025964,0.0033896765,99,52,4,ES1100579,Ireland,87913,True,146
389,54.632777777777775,-8.435,1308009600,cs137,1,5,0.05663243,0.0025485445,192,52,4,ES1100580,Ireland,52630,True,147
390,54.632777777777775,-8.435,1308009600,cs137,1,5,0.056632431,0.0025485445,192,52,4,ES1100580,Ireland,87914,True,147
391,54.632777777777775,-8.435,1308009600,cs137,1,5,0.1576757,0.0039119665,244,52,4,ES1100581,Ireland,52631,True,148
392,54.632777777777775,-8.435,1308009600,cs137,1,5,0.157675697,0.0039119665,244,52,4,ES1100581,Ireland,87915,True,148
393,54.632777777777775,-8.435,1512086400,cs137,1,5,0.070339292,0.009935324,244,52,4,ES1700822,Ireland,88113,True,149
394,54.632777777777775,-8.435,1512086400,cs137,1,5,0.058437253,0.0070409095,244,52,4,ES1700823,Ireland,88114,True,149
395,54.632777777777775,-8.435,1519344000,cs137,2,5,0.030930034,,244,52,4,ES1800210,Ireland,88115,True,150
396,54.632777777777775,-8.435,1519344000,cs137,2,5,0.046105194,,244,52,4,ES1800211,Ireland,88116,True,150
397,54.632777777777775,-8.435,1308009600,cs137,1,5,0.09957378,0.0030705205,378,52,4,ES1100583,Ireland,87917,True,151
398,54.632777777777775,-8.435,1308009600,cs137,1,5,0.09957378,0.0030705205,378,52,4,ES1100583,Ireland,52629,True,151
399,54.632777777777775,-8.435,1466121600,cs137,1,5,0.087881602,0.0026772155,378,52,4,ES1600251,Ireland,88061,True,152
400,54.632777777777775,-8.435,1466121600,cs137,1,5,0.075774634,0.005830539,378,52,4,ES1600250,Ireland,88065,True,152
401,54.64666666666667,-1.1352777777777778,1187222400,po210,1,5,19.8,0.4135,394,19,13,,United Kingdom,18419,True,153
402,54.64666666666667,-1.1352777777777778,1187222400,po210,1,5,13.2,0.316,394,19,13,,United Kingdom,18420,True,153
403,55.42916666666667,5.226666666666667,1188432000,cs137,1,5,0.622,0.012751,99,52,4,,Germany,16256,True,154
404,55.42916666666667,5.226666666666667,1188432000,cs137,1,5,0.45,0.00945,99,52,4,,Germany,16257,True,154
405,55.439722222222215,5.232777777777778,1156550400,cs137,1,5,0.363,0.0067155,99,52,4,17251,Germany,20211,True,155
406,55.439722222222215,5.232777777777778,1156550400,cs137,1,5,0.612,0.011016,99,52,4,17250,Germany,20210,True,155
407,58.117222222222225,4.706111111111111,1277078400,cs137,1,5,0.268,0.005226,379,52,4,17566,Germany,2023,True,156
408,58.117222222222225,4.706111111111111,1277078400,cs137,1,5,0.384,0.007296,379,52,4,17567,Germany,2024,True,156
409,58.13,6.58,1120176000,cs137,1,5,0.32,0.016,96,40,11,,Norway,73047,True,157
410,58.13,6.58,1120176000,cs137,1,5,0.28,0.011,96,40,11,,Norway,73048,True,157
411,58.13,6.58,1120176000,tc99,1,5,56.0,2.8,96,40,11,,Norway,73069,True,158
412,58.13,6.58,1120176000,tc99,1,5,50.0,2.5,96,40,11,,Norway,73070,True,158
413,58.469722222222224,8.829166666666666,1120176000,cs137,1,5,0.62,0.022,96,40,11,,Norway,73049,True,159
414,58.469722222222224,8.829166666666666,1120176000,cs137,1,5,0.32,0.016,96,40,11,,Norway,73050,True,159
415,58.469722222222224,8.829166666666666,1120176000,tc99,1,5,41.0,2.0,96,40,11,,Norway,73071,True,160
416,58.469722222222224,8.829166666666666,1120176000,tc99,1,5,54.0,2.6,96,40,11,,Norway,73072,True,160
417,59.11972222222222,10.4,1120176000,cs137,1,5,0.54,0.016,96,40,11,,Norway,73045,True,161
418,59.11972222222222,10.4,1120176000,cs137,1,5,0.34,0.015,96,40,11,,Norway,73046,True,161
419,59.11972222222222,10.4,1120176000,tc99,1,5,46.0,2.3,96,40,11,,Norway,73067,True,162
420,59.11972222222222,10.4,1120176000,tc99,1,5,24.0,1.2,96,40,11,,Norway,73068,True,162
421,59.309999999999995,4.879722222222223,1151712000,tc99,1,5,35.6,1.75,96,40,11,,Norway,73484,True,163
422,59.309999999999995,4.879722222222223,1151712000,tc99,1,5,13.6,0.66,96,40,11,,Norway,73485,True,163
423,59.71,0.9697222222222223,1088640000,po210,1,5,6.4,0.32,50,34,4,,Norway,72717,True,164
424,59.71,0.9697222222222223,1088640000,po210,1,5,8.53,0.4265,50,34,4,,Norway,72716,True,164
425,59.71,0.9697222222222223,1088640000,po210,1,5,5.63,0.2815,50,34,4,,Norway,72707,True,164
426,59.71,0.9697222222222223,1088640000,po210,1,5,3.04,0.152,50,34,4,,Norway,72718,True,164
427,59.71,0.9697222222222223,1088640000,po210,1,5,3.91,0.1955,50,34,4,,Norway,72719,True,164
428,59.719722222222224,2.95,1088640000,po210,1,5,1.81,0.0905,244,34,4,,Norway,72708,True,165
429,59.719722222222224,2.95,1088640000,po210,1,5,1.55,0.0775,244,34,4,,Norway,72726,True,165
430,59.719722222222224,2.95,1088640000,po210,1,5,1.25,0.0625,244,34,4,,Norway,72725,True,165
431,59.719722222222224,2.95,1088640000,po210,1,5,2.95,0.1475,244,34,4,,Norway,72724,True,165
432,60.019999999999996,3.0697222222222225,1088640000,po210,1,5,2.1,0.105,244,34,4,,Norway,72736,True,166
433,60.019999999999996,3.0697222222222225,1088640000,po210,1,5,2.47,0.1235,244,34,4,,Norway,72715,True,166
434,60.019999999999996,3.0697222222222225,1088640000,po210,1,5,1.98,0.099,244,34,4,,Norway,72737,True,166
435,60.019999999999996,3.0697222222222225,1088640000,po210,1,5,2.4,0.12,244,34,4,,Norway,72738,True,166
436,60.019999999999996,3.0697222222222225,1088640000,po210,1,5,4.13,0.2065,244,34,4,,Norway,72735,True,166
437,60.189722222222215,0.01,1088640000,po210,1,5,3.54,0.177,50,34,4,,Norway,72728,True,167
438,60.189722222222215,0.01,1088640000,po210,1,5,2.51,0.1255,50,34,4,,Norway,72727,True,167
439,60.189722222222215,0.01,1088640000,po210,1,5,6.12,0.306,50,34,4,,Norway,72729,True,167
440,60.189722222222215,0.01,1088640000,po210,1,5,6.13,0.3065,50,34,4,,Norway,72730,True,167
441,60.189722222222215,0.01,1088640000,po210,1,5,2.68,0.134,50,34,4,,Norway,72710,True,167
442,60.189722222222215,0.01,1088640000,po210,1,5,2.36,0.118,244,34,4,,Norway,72721,True,168
443,60.189722222222215,0.01,1088640000,po210,1,5,4.26,0.213,244,34,4,,Norway,72722,True,168
444,60.189722222222215,0.01,1088640000,po210,1,5,4.23,0.2115,244,34,4,,Norway,72723,True,168
445,60.189722222222215,0.01,1088640000,po210,1,5,4.52,0.226,244,34,4,,Norway,72720,True,168
446,60.189722222222215,0.01,1088640000,po210,1,5,5.41,0.2705,244,34,4,,Norway,72709,True,168
447,60.32972222222222,2.65,1088640000,po210,1,5,1.28,0.064,99,34,4,,Norway,72739,True,169
448,60.32972222222222,2.65,1088640000,po210,1,5,1.42,0.071,99,34,4,,Norway,72740,True,169
449,60.359722222222224,3.3597222222222225,1088640000,po210,1,5,2.82,0.141,244,34,4,,Norway,72731,True,170
450,60.359722222222224,3.3597222222222225,1088640000,po210,1,5,1.49,0.0745,244,34,4,,Norway,72732,True,170
451,60.359722222222224,3.3597222222222225,1088640000,po210,1,5,1.47,0.0735,244,34,4,,Norway,72733,True,170
452,60.359722222222224,3.3597222222222225,1088640000,po210,1,5,1.65,0.0825,244,34,4,,Norway,72734,True,170
453,60.359722222222224,3.3597222222222225,1088640000,po210,1,5,1.68,0.084,244,34,4,,Norway,72714,True,170
454,61.95,-6.116666666666666,1305676800,po210,1,5,1.0314,0.0660418235,378,4,4,20112061,Denmark,82769,True,171
455,61.95,-6.116666666666666,1305676800,po210,1,5,1.6589,0.1115910845,378,4,4,20112060,Denmark,82768,True,171
456,61.95,-6.116666666666666,1348704000,cs137,1,5,0.0424,0.003311546,378,4,4,20122062,Denmark,82816,True,172
457,61.95,-6.116666666666666,1348704000,cs137,1,5,0.042373,0.003309437,378,4,4,20132062,Denmark,82817,True,172
458,62.01,-6.752777777777778,1238371200,cs137,1,5,0.0574,0.0026691,99,52,4,20092057,Denmark,5990,True,173
459,62.01,-6.752777777777778,1238371200,cs137,1,5,0.085,0.004845,99,52,4,20092056,Denmark,5989,True,173
460,62.01,-6.752777777777778,1238371200,cs137,1,5,0.0642,0.0025038,99,52,4,20092058,Denmark,5991,True,173
461,62.01,-6.752777777777778,1238371200,cs137,1,5,0.0558,0.0025389,99,52,4,20092059,Denmark,5992,True,173
462,62.01,-6.752777777777778,1238371200,cs137,1,5,0.0577,0.00320235,378,52,4,20092063,Denmark,5996,True,174
463,62.01,-6.752777777777778,1238371200,cs137,1,5,0.0593,0.0021941,378,52,4,20092062,Denmark,5995,True,174
464,62.01,-6.752777777777778,1238371200,cs137,1,5,0.0567,0.00263655,378,52,4,20092061,Denmark,5994,True,174
465,62.01,-6.752777777777778,1238371200,cs137,1,5,0.0491,0.00346155,378,52,4,20092060,Denmark,5993,True,174
466,63.41027777777778,-20.283055555555556,1056585600,tc99,1,5,6.491417075,0.3245708535,96,40,11,THVES03F,Iceland,69544,True,175
467,63.41027777777778,-20.283055555555556,1056585600,tc99,1,5,4.824594923,0.241229746,96,40,11,THVES03F,Iceland,69545,True,175
468,63.5,-23.0,966124800,cs137,1,5,0.3106369,0.0298950895,426,52,4,FILUD0HB,Iceland,69298,True,176
469,63.5,-23.0,966124800,cs137,1,5,0.3909183,0.048100464,426,52,4,FILUD0HA,Iceland,69297,True,176
470,63.8,-22.416666666666668,1039046400,cs137,2,5,0.12,,99,52,4,F02KO,Iceland,69309,True,177
471,63.8,-22.416666666666668,1039046400,cs137,1,5,0.08,0.008076,99,52,4,F02THc,Iceland,69307,True,177
472,64.0,-34.0,1343779200,cs137,1,5,0.1475,0.0109637255,99,4,4,20128512,Denmark,82812,True,178
473,64.0,-34.0,1343779200,cs137,1,5,0.1391,0.008110854,99,4,4,20128505,Denmark,82810,True,178
474,64.0,-34.0,1436918400,cs137,1,5,0.212,0.015758033,99,4,4,20158506,Denmark,82959,True,179
475,64.0,-34.0,1436918400,cs137,1,5,0.1642,0.0122050425,99,4,4,20158504,Denmark,82958,True,179
476,64.0,-34.0,1436918400,cs137,1,5,0.1602,0.010776353,99,4,4,20158503,Denmark,82957,True,179
477,64.0,-34.0,1436918400,cs137,1,5,0.141,0.008221642,99,4,4,20158501,Denmark,82956,True,179
478,64.0,-34.0,1436918400,cs137,1,5,0.09782,0.007270994,99,4,4,20158508,Denmark,82960,True,179
479,64.0,-34.0,1436918400,po210,1,5,0.65,0.033930996,99,4,4,20158505,Denmark,82975,True,180
480,64.0,-34.0,1436918400,po210,1,5,0.28,0.017928748,99,4,4,20158504,Denmark,82974,True,180
481,64.0,-34.0,1436918400,po210,1,5,0.58,0.033819521,99,4,4,20158503,Denmark,82973,True,180
482,64.0,-34.0,1436918400,po210,1,5,0.77,0.0392624505,99,4,4,20158501,Denmark,82972,True,180
483,64.0,-34.0,1436918400,po210,1,5,1.26,0.065773931,99,4,4,20158506,Denmark,82976,True,180
484,64.0,-34.0,1436918400,po210,1,5,0.5,0.03363406,99,4,4,20158508,Denmark,82977,True,180
485,64.8761111111111,-13.769444444444446,1025136000,tc99,1,5,38.30961368,1.915480684,401,40,11,THFAS02G,Iceland,69522,True,181
486,64.8761111111111,-13.769444444444446,1025136000,tc99,1,5,38.58040425,1.9290202125,401,40,11,THFAS02G,Iceland,69523,True,181
487,64.90916666666668,-13.932777777777778,946339200,tc99,1,5,34.35876707,1.7179383535,401,40,11,THFAS99L,Iceland,69440,True,182
488,64.90916666666668,-13.932777777777778,946339200,tc99,1,5,48.5172466,2.42586233,401,40,11,THFAS99L,Iceland,69441,True,182
489,65.01166666666667,-27.17138888888889,1381622400,cs137,1,5,0.07310655,0.035769975,381,52,4,FGUL13J2,Iceland,76034,True,183
490,65.01166666666667,-27.17138888888889,1381622400,cs137,1,5,0.09674235,0.033780485,381,52,4,FGUL13J1,Iceland,76035,True,183
491,65.50194444444445,-27.333888888888886,1316563200,cs137,1,5,0.1,0.007035,405,52,4,FDJU114,Iceland,69357,True,184
492,65.50194444444445,-27.333888888888886,1316563200,cs137,1,5,0.1,0.006935,405,52,4,FDJU113,Iceland,69356,True,184
493,65.50194444444445,-27.333888888888886,1316563200,cs137,1,5,0.1,0.007915,405,52,4,FDJU111,Iceland,69354,True,184
494,65.50194444444445,-27.333888888888886,1316563200,cs137,1,5,0.12,0.006582,405,52,4,FDJU112,Iceland,69355,True,184
495,65.61666666666666,-24.883333333333333,1348617600,cs137,1,5,0.1598896,0.0082156555,379,52,4,FUFS12BI,Iceland,69370,True,185
496,65.61666666666666,-24.883333333333333,1348617600,cs137,1,5,0.1491552,0.0079547975,379,52,4,FUFS12AI,Iceland,69369,True,185
497,65.66861111111112,-27.484166666666667,1316563200,cs137,1,5,0.15,0.0068475,384,52,4,FGRA113,Iceland,69352,True,186
498,65.66861111111112,-27.484166666666667,1316563200,cs137,1,5,0.15,0.007935,384,52,4,FGRA112,Iceland,69351,True,186
499,65.66861111111112,-27.484166666666667,1316563200,cs137,1,5,0.14,0.006671,384,52,4,FGRA114,Iceland,69353,True,186
500,65.66861111111112,-27.484166666666667,1316563200,cs137,1,5,0.2,0.00681,384,52,4,FGRA111a,Iceland,69350,True,186
501,65.79805555555555,-11.463888888888889,1382572800,cs137,1,5,0.1477678,0.02531165,99,52,4,FTHO13J1,Iceland,76042,True,187
502,65.79805555555555,-11.463888888888889,1382572800,cs137,1,5,0.1593478,0.039731835,99,52,4,FTHO13J2,Iceland,76040,True,187
503,66.2,-18.466666666666665,1416096000,cs137,1,5,0.1147357,0.0071725185,99,52,4,FTH14DAK,Iceland,80371,True,188
504,66.2,-18.466666666666665,1416096000,cs137,2,5,0.2406829,,99,52,4,FTH14DAKa,Iceland,80370,True,188
505,67.13777777777779,11.386666666666667,1088640000,po210,1,5,0.12,0.006,99,34,4,,Norway,72741,True,189
506,67.13777777777779,11.386666666666667,1088640000,po210,1,5,0.41,0.0205,99,34,4,,Norway,72746,True,189
507,67.13777777777779,11.386666666666667,1088640000,po210,1,5,1.18,0.059,378,34,4,,Norway,72744,True,190
508,67.13777777777779,11.386666666666667,1088640000,po210,1,5,1.52,0.076,378,34,4,,Norway,72745,True,190
509,67.13777777777779,11.386666666666667,1088640000,po210,1,5,1.04,0.052,379,34,4,,Norway,72742,True,191
510,67.13777777777779,11.386666666666667,1088640000,po210,1,5,0.7,0.035,379,34,4,,Norway,72743,True,191
511,67.26666666666667,-22.166666666666668,1348704000,cs137,1,5,0.1455288,0.007558431,384,52,4,FGRA12AI,Iceland,69372,True,192
512,67.26666666666667,-22.166666666666668,1348704000,cs137,1,5,0.2186375,0.0094401625,384,52,4,FGRA12CI,Iceland,69374,True,192
513,67.26666666666667,-22.166666666666668,1348704000,cs137,1,5,0.146579,0.0076175495,384,52,4,FGRA12BI,Iceland,69373,True,192
514,67.35083333333333,-23.433611111111112,1316822400,cs137,1,5,0.18,0.007416,99,52,4,FTHO112,Iceland,69359,True,193
515,67.35083333333333,-23.433611111111112,1316822400,cs137,1,5,0.14,0.006734,99,52,4,FTHO111,Iceland,69358,True,193
516,67.4,12.0,1238457600,cs137,1,5,0.32,0.065,99,34,4,,Norway,8089,True,194
517,67.4,12.0,1238457600,cs137,1,5,0.21,0.03,99,34,4,,Norway,8087,True,194
518,67.4,12.0,1238457600,cs137,1,5,0.35,0.06,99,34,4,,Norway,8086,True,194
519,67.4,12.0,1238457600,cs137,1,5,0.24,0.055,99,34,4,,Norway,8088,True,194
520,67.4,12.0,1238457600,cs137,1,5,0.26,0.065,99,34,4,,Norway,8090,True,194
521,67.42,13.600833333333332,1151712000,po210,1,5,0.23,0.0115,99,34,4,,Norway,73518,True,195
522,67.42,13.600833333333332,1151712000,po210,1,5,0.43,0.0215,99,34,4,,Norway,73517,True,195
523,67.49916666666667,-18.303611111111113,1382313600,cs137,1,5,0.1217994,0.04164696,384,52,4,FGRA13J1,Iceland,76039,True,196
524,67.49916666666667,-18.303611111111113,1382313600,cs137,1,5,0.1851712,0.027795525,384,52,4,FGRA13J4,Iceland,76038,True,196
525,67.49916666666667,-18.303611111111113,1382313600,cs137,1,5,0.1466939,0.02019382,384,52,4,FGRA13J2,Iceland,76037,True,196
526,67.49916666666667,-18.303611111111113,1382313600,cs137,1,5,0.1360286,0.023746735,384,52,4,FGRA13J3,Iceland,76036,True,196
527,67.55,-20.45,1348790400,cs137,1,5,0.156118,0.0089647015,99,52,4,FTHO12CI,Iceland,69377,True,197
528,67.55,-20.45,1348790400,cs137,1,5,0.1671641,0.008151936,99,52,4,FTHO12AI,Iceland,69375,True,197
529,67.55,-20.45,1348790400,cs137,1,5,0.1646143,0.008395667,99,52,4,FTHO12BI,Iceland,69376,True,197
530,68.94388888888889,13.534166666666666,1495843200,cs137,1,5,0.341525275,0.01698914,99,52,4,,Norway,86059,True,198
531,68.94388888888889,13.534166666666666,1495843200,cs137,1,5,0.213934577,0.025492204,99,52,4,,Norway,86060,True,198
532,68.94388888888889,13.534166666666666,1495843200,cs137,1,5,0.223243891,0.0192289905,99,52,4,,Norway,86061,True,198
533,68.94388888888889,13.534166666666666,1495843200,cs137,1,5,0.152971065,0.013554398,99,52,4,,Norway,86062,True,198
534,69.22666666666667,14.688055555555556,1603238400,cs137,1,5,0.1,0.005,99,34,4,MA2020-025,Norway,94419,True,199
535,69.22666666666667,14.688055555555556,1603238400,cs137,1,5,0.08,0.005,99,34,4,MA2020-026,Norway,94420,True,199
536,69.61805555555554,17.95,1187222400,tc99,1,5,16.6,0.3,96,40,11,,Norway,17308,True,200
537,69.61805555555554,17.95,1187222400,tc99,1,5,16.6,0.3,96,40,11,,Norway,86236,True,200
538,69.71666666666667,16.7,1290470400,cs137,1,5,0.25,0.05,379,34,4,Labora 2010-5117-2,Norway,3166,True,201
539,69.71666666666667,16.7,1290470400,cs137,1,5,0.18,0.04,379,34,4,Labora 2010-5117-5,Norway,3169,True,201
540,69.71666666666667,16.7,1290470400,cs137,1,5,0.22,0.035,379,34,4,Labora 2010-5117-4,Norway,3168,True,201
541,69.71666666666667,16.7,1290470400,cs137,1,5,0.26,0.055,379,34,4,Labora 2010-5117-3,Norway,3167,True,201
542,69.71666666666667,16.7,1290470400,cs137,1,5,0.26,0.065,379,34,4,Labora 2010-5117-1,Norway,3165,True,201
543,69.77638888888889,30.829722222222223,1120176000,tc99,1,5,29.0,1.4,96,40,11,,Norway,73090,True,202
544,69.77638888888889,30.829722222222223,1120176000,tc99,1,5,32.0,1.6,96,40,11,,Norway,73089,True,202
545,69.91666666666667,34.35,918432000,cs137,1,5,0.12,0.015,378,34,4,,Norway,70867,True,203
546,69.91666666666667,34.35,918432000,cs137,1,5,0.2,0.02,378,34,4,,Norway,70866,True,203
547,69.91666666666667,34.35,918432000,cs137,1,5,0.14,0.03,378,34,4,,Norway,70865,True,203
548,69.91666666666667,34.35,918432000,cs137,1,5,0.28,0.03,378,34,4,,Norway,70864,True,203
549,69.91666666666667,34.35,918432000,cs137,1,5,0.2,0.02,378,34,4,,Norway,70863,True,203
550,69.91666666666667,34.35,918432000,cs137,1,5,0.17,0.025,378,34,4,,Norway,70859,True,203
551,70.09027777777777,28.981944444444444,1066262400,cs137,1,5,0.3,0.05,379,34,4,,Norway,72271,True,204
552,70.09027777777777,28.981944444444444,1066262400,cs137,1,5,0.3,0.05,379,34,4,,Norway,72282,True,204
553,70.32972222222222,32.04972222222222,1028505600,cs137,1,5,0.23,0.015,99,34,4,,Norway,71864,True,205
554,70.32972222222222,32.04972222222222,1028505600,cs137,1,5,0.28,0.01,99,34,4,,Norway,71862,True,205
555,70.32972222222222,32.04972222222222,1028505600,cs137,1,5,0.23,0.015,99,34,4,,Norway,71861,True,205
556,70.43,32.03,992304000,cs137,1,5,0.18,0.015,99,34,4,,Norway,74464,True,206
557,70.43,32.03,992304000,cs137,1,5,0.3,0.02,99,34,4,,Norway,74465,True,206
558,70.76666666666667,30.25,1193788800,cs137,1,5,0.3,0.02,99,34,4,,Norway,17334,True,207
559,70.76666666666667,30.25,1193788800,cs137,1,5,0.31,0.02,99,34,4,,Norway,17338,True,207
560,70.76666666666667,30.25,1193788800,cs137,1,5,0.21,0.02,99,34,4,,Norway,17337,True,207
561,70.76666666666667,30.25,1193788800,cs137,1,5,0.27,0.02,99,34,4,,Norway,17336,True,207
562,70.76666666666667,30.25,1193788800,cs137,1,5,0.21,0.02,99,34,4,,Norway,17335,True,207
563,71.29944444444445,28.27111111111111,1123372800,cs137,1,5,0.31,0.075,99,34,4,,Norway,73096,True,208
564,71.29944444444445,28.27111111111111,1123372800,cs137,1,5,0.23,0.06,99,34,4,,Norway,73095,True,208
565,71.29944444444445,28.27111111111111,1123372800,cs137,1,5,0.26,0.05,99,34,4,,Norway,73094,True,208
566,71.29944444444445,28.27111111111111,1123372800,cs137,1,5,0.31,0.075,99,34,4,,Norway,73093,True,208
567,72.04444444444444,25.2625,1059696000,cs137,1,5,0.2,0.0197348335,378,34,4,,Norway,72273,True,209
568,72.04444444444444,25.2625,1059696000,cs137,1,5,0.15,0.016700047,378,34,4,,Norway,72272,True,209
569,72.59972222222221,38.969722222222224,919036800,cs137,1,5,0.16,0.03,407,1,4,,Norway,70872,True,210
570,72.59972222222221,38.969722222222224,919036800,cs137,1,5,0.13,0.015,407,1,4,,Norway,70870,True,210
571,72.59972222222221,38.969722222222224,919036800,cs137,1,5,0.14,0.015,407,1,4,,Norway,70871,True,210
572,72.59972222222221,38.969722222222224,919036800,cs137,1,5,0.1,0.015,407,1,4,,Norway,70873,True,210
573,72.66666666666667,36.25,918345600,cs137,1,5,0.23,0.025,99,34,4,,Norway,70888,True,211
574,72.66666666666667,36.25,918345600,cs137,1,5,0.21,0.02,99,34,4,,Norway,70885,True,211
575,72.66666666666667,36.25,918345600,cs137,1,5,0.26,0.025,99,34,4,,Norway,70886,True,211
576,72.66666666666667,36.25,918345600,cs137,1,5,0.31,0.02,99,34,4,,Norway,70882,True,211
577,72.66666666666667,36.25,918345600,cs137,1,5,0.53,0.06,99,34,4,,Norway,70883,True,211
578,72.66666666666667,36.25,918345600,cs137,1,5,0.31,0.025,99,34,4,,Norway,70858,True,211
579,72.66666666666667,36.25,918345600,cs137,1,5,0.2,0.04,99,34,4,,Norway,70857,True,211
580,72.66666666666667,36.25,918345600,cs137,1,5,0.13,0.02,99,34,4,,Norway,70881,True,211
581,72.66666666666667,36.25,918345600,cs137,1,5,0.28,0.025,411,34,4,,Norway,70862,True,212
582,72.66666666666667,36.25,918345600,cs137,1,5,0.4,0.07,411,34,4,,Norway,70861,True,212
583,72.66666666666667,36.25,918345600,cs137,1,5,0.38,0.045,411,34,4,,Norway,70860,True,212
584,72.66666666666667,36.25,918345600,cs137,1,5,0.26,0.035,411,34,4,,Norway,70887,True,212
585,74.46972222222223,18.96972222222222,1060992000,cs137,1,5,0.12,0.025,99,34,4,,Norway,72269,True,213
586,74.46972222222223,18.96972222222222,1060992000,cs137,1,5,0.22,0.01,99,34,4,,Norway,72267,True,213
587,74.71305555555556,28.12611111111111,993945600,cs137,1,5,0.24,0.005,99,34,4,,Norway,74468,True,214
588,74.71305555555556,28.12611111111111,993945600,cs137,1,5,0.3,0.05,99,34,4,,Norway,74467,True,214
589,74.71305555555556,28.12611111111111,1002153600,cs137,1,5,0.23,0.005,99,34,4,,Norway,74498,True,215
590,74.71305555555556,28.12611111111111,1002153600,cs137,1,5,0.16,0.005,99,34,4,,Norway,74499,True,215
591,74.71305555555556,28.12611111111111,1088640000,cs137,1,5,0.28,0.014,712,34,4,,Norway,72692,True,216
592,74.71305555555556,28.12611111111111,1088640000,cs137,1,5,0.3,0.015,712,34,4,,Norway,72698,True,216
593,74.71305555555556,28.12611111111111,1088640000,cs137,1,5,0.25,0.0125,712,34,4,,Norway,72697,True,216
594,74.71305555555556,28.12611111111111,1088640000,cs137,1,5,0.2,0.01,712,34,4,,Norway,72706,True,216
595,74.71305555555556,28.12611111111111,1088640000,cs137,1,5,0.23,0.0115,712,34,4,,Norway,72696,True,216
596,74.71305555555556,28.12611111111111,1088640000,cs137,1,5,0.2,0.01,712,34,4,,Norway,72695,True,216
597,74.71305555555556,28.12611111111111,1088640000,cs137,1,5,0.4,0.02,712,34,4,,Norway,72694,True,216
598,74.71305555555556,28.12611111111111,1088640000,cs137,1,5,0.27,0.0135,712,34,4,,Norway,72691,True,216
599,74.71305555555556,28.12611111111111,1088640000,cs137,1,5,0.24,0.012,712,34,4,,Norway,72693,True,216
